"Len","P31","P106","P463","P2561"
"Ali Ameli","Q5","Q1650915","Q106489997","Ali Ameli"
"Alice Guimaraes","Q5","Q1650915","Q106489997","Alice Guimaraes"
"Annegaaike Leopold","Q5","Q1650915","Q106489997","Annegaaike Leopold"
"Curtis A. Suttle","Q5","Q1650915","Q106489997","Curtis A. Suttle"
"Dacotah-Victoria Splichalova","Q5","Q1650915","Q106489997","Dacotah-Victoria Splichalova"
"Daniel Roehr","Q5","Q1650915","Q106489997","Daniel Roehr"
"Gunilla Öberg","Q5","Q1650915","Q106489997","Gunilla Öberg"
"John Janmaat","Q5","Q1650915","Q106489997","John Janmaat"
"John S. Richardson","Q5","Q1650915","Q106489997","John S. Richardson"
"John Wagner","Q5","Q1650915","Q106489997","John Wagner"
"Jongho Lee","Q5","Q1650915","Q106489997","Jongho Lee"
"Jordi Honey-Rosés","Q5","Q1650915","Q106489997","Jordi Honey-Rosés"
"Kasey Moran","Q5","Q1650915","Q106489997","Kasey Moran"
"Leila M. Harris","Q5","Q1650915","Q106489997","Leila M. Harris"
"Lucy Rodina","Q5","Q1650915","Q106489997","Lucy Rodina"
"Madjid Mohseni","Q5","Q1650915","Q106489997","Madjid Mohseni"
"Mark Johnson","Q5","Q1650915","Q106489997","Mark Johnson"
"Marwan Hassan","Q5","Q1650915","Q106489997","Marwan Hassan"
"Nadja Kunz","Q5","Q1650915","Q106489997","Nadja Kunz"
"Natalie Prystajecky","Q5","Q1650915","Q106489997","Natalie Prystajecky"
"Nicolas Peleato","Q5","Q1650915","Q106489997","Nicolas Peleato"
"Pierre Bérubé","Q5","Q1650915","Q106489997","Pierre Bérubé"
"Rehan Sadiq","Q5","Q1650915","Q106489997","Rehan Sadiq"
"Ryan Ziels","Q5","Q1650915","Q106489997","Ryan Ziels"
"Steven Conrad","Q5","Q1650915","Q106489997","Steven Conrad"
"Steven Weijs","Q5","Q1650915","Q106489997","Steven Weijs"
"Valentina Radić","Q5","Q1650915","Q106489997","Valentina Radić"
